ablation,family,loss_config,mean_final_train_canonical_consistency,mean_final_train_core_field_loss,mean_final_train_core_warmup_loss,mean_final_train_highfreq_core_loss,mean_final_train_packet_space_loss,mean_final_train_residual_energy,mean_final_train_route_l1,mean_final_train_symbol_order_loss,mean_final_train_symbol_proxy,mean_final_train_transport_proxy,mean_runtime_seconds,mean_test_canonical_flow_error,mean_test_core_relative_l2,mean_test_dissipative_multiplier_mean,mean_test_dissipative_symbol_norm,mean_test_high_frequency_relative_error_proxy,mean_test_metadata_shift_norm,mean_test_packet_consistency,mean_test_packet_wavefront_localization_error,mean_test_pdo_identity_norm,mean_test_pdo_identity_order_proxy,mean_test_phase_error,mean_test_raw_refine_correction_norm,mean_test_refine_correction_norm,mean_test_refine_high_frequency_fraction,mean_test_refine_lowpass_removed_norm,mean_test_refine_relative_energy,mean_test_refinement_energy,mean_test_relative_l2,mean_test_residual_energy,mean_test_route_mean,mean_test_sobolev_h1_error_proxy,mean_test_sobolev_h2_error_proxy,mean_test_symbol_budget,mean_test_symbol_error_proxy,mean_test_symbol_order_proxy,mean_test_symbol_order_scaling_error_proxy,mean_test_symplectic_defect_proxy,mean_test_tokenizer_active_fraction,mean_test_tokenizer_covering_radius,mean_test_tokenizer_phase_window_diameter,mean_test_tokenizer_reconstruction_error,mean_test_transport_budget,mean_test_transported_input_norm,mean_test_transported_input_shift_norm,mean_test_transported_synthesis_shift_norm,mean_test_wavefront_confidence_proxy,mean_test_wf_transport_error_proxy,model_variant,regime,runs,scenario,std_final_train_canonical_consistency,std_final_train_core_field_loss,std_final_train_core_warmup_loss,std_final_train_highfreq_core_loss,std_final_train_packet_space_loss,std_final_train_residual_energy,std_final_train_route_l1,std_final_train_symbol_order_loss,std_final_train_symbol_proxy,std_final_train_transport_proxy,std_runtime_seconds,std_test_canonical_flow_error,std_test_core_relative_l2,std_test_dissipative_multiplier_mean,std_test_dissipative_symbol_norm,std_test_high_frequency_relative_error_proxy,std_test_metadata_shift_norm,std_test_packet_consistency,std_test_packet_wavefront_localization_error,std_test_pdo_identity_norm,std_test_pdo_identity_order_proxy,std_test_phase_error,std_test_raw_refine_correction_norm,std_test_refine_correction_norm,std_test_refine_high_frequency_fraction,std_test_refine_lowpass_removed_norm,std_test_refine_relative_energy,std_test_refinement_energy,std_test_relative_l2,std_test_residual_energy,std_test_route_mean,std_test_sobolev_h1_error_proxy,std_test_sobolev_h2_error_proxy,std_test_symbol_budget,std_test_symbol_error_proxy,std_test_symbol_order_proxy,std_test_symbol_order_scaling_error_proxy,std_test_symplectic_defect_proxy,std_test_tokenizer_active_fraction,std_test_tokenizer_covering_radius,std_test_tokenizer_phase_window_diameter,std_test_tokenizer_reconstruction_error,std_test_transport_budget,std_test_transported_input_norm,std_test_transported_input_shift_norm,std_test_transported_synthesis_shift_norm,std_test_wavefront_confidence_proxy,std_test_wf_transport_error_proxy
full,wave,proxy_0.20_0.05,0.0,0.008992029465136712,0.0,0.0004214876478019707,0.007519134026046635,0.0001426700688019385,0.006441043182146839,0.03734669441150294,0.10099037065325926,0.0676002684308009,137.66248140000002,6.138849175840733e-05,0.38842168015738326,1.0,0.0,2.225160955140988,0.018330745010947187,61866.26923343664,0.06602083782975872,0.0,0.0,1.3746004054943721,0.18458353883276382,0.16815108681718507,2.2451537885634842e-14,0.06364278898884852,0.00016480550266351202,0.00016480550266351202,0.3780922976632913,0.00016480550266351202,0.0064375471556559205,0.3774581973751386,0.3766021529833476,0.8972652376525933,0.8972652376525933,0.19503117302277437,2.463217477003733,0.0,0.8979325940211614,0.25,1.0774961709976196,3.5971102192997932,0.23392373137176037,8.947533110777536,7.556518882513046,1.761955921848615,1.3762158941891458,0.004472775518176301,MiNO-Plus_wingaussian_modshell_balanced_K12_modes16_patch16_ref0.05_rlp0.16_hfc0.16_rb-5_pdo0_diss0_symord0_symparspectral_order_wfconf2_trhamiltonian_verlet_framegabor_gaussian_sparse1_sklp0.16_tsyn1_tin1_tref0,synthetic,3,wave_bicharacteristic_control,0.0,0.0005048585535380607,0.0,7.911879818504658e-05,0.0008888550687827612,2.1446103818607063e-05,6.7499507749708235e-06,0.00822110037747648,0.008944034959368774,0.0014294469557571464,1.8165781264573069,1.2616585301519493e-05,0.026321293331063967,0.0,0.0,0.7929889409277981,1.9202095296952285e-05,73193.61415215449,0.02808065200266766,0.0,0.0,0.006786732273401399,0.03372340851610455,0.031632236360488016,4.36788789571072e-16,0.010552757950340204,4.0949149033864396e-05,4.0949149033864396e-05,0.02541947413599054,4.0949149033864396e-05,4.949236350079475e-06,0.02534984683064943,0.025358205445584706,0.02405724753319973,0.02405724753319973,0.016474062926906466,0.37933718196311794,0.0,0.016067426686514005,0.0,0.0,1.3742176738355394,0.040937604261197295,0.8469830899609035,0.8872491240764033,0.1285280477122888,0.027475152054495435,0.0018456000928220777
full_no_flow_supervision,wave,proxy_0.20_0.05,0.0,0.008970438414204788,0.0,0.0004080641051081734,0.007500773588415339,0.00015284542282895726,0.006442477916910623,0.023493772708914347,0.10071761951419629,0.06760344889739321,128.39590023333344,0.00039096298739120056,0.38863337847093743,1.0,0.0,2.2559100755800805,0.01828362272741894,59529.236164048314,0.06663022714201361,0.0,0.0,1.3486313472191493,0.18158494650075832,0.16529921597490707,2.2755365568613566e-14,0.06295521107191841,0.00016037504337873543,0.00016037504337873543,0.37852480448782444,0.00016037504337873543,0.006440627912525088,0.37799751199781895,0.37719318829476833,0.8788993747697936,0.8788993747697936,0.14562407908912672,2.541969502965609,0.0,0.8979325940211614,0.25,1.0774961709976196,3.5971102192997932,0.22756016668346193,9.065846463044485,7.669008423884709,1.6587140634655952,1.3580461384521592,0.00461197644957186,MiNO-Plus_wingaussian_modshell_balanced_K12_modes16_patch16_ref0.05_rlp0.16_hfc0.16_rb-5_pdo0_diss0_symord0_symparspectral_order_wfconf2_trhamiltonian_verlet_framegabor_gaussian_sparse1_sklp0.16_tsyn1_tin1_tref0,synthetic,3,wave_bicharacteristic_control,0.0,0.0005072972526359558,0.0,0.00010395439223004223,0.0008150493198191552,1.5509136170424315e-05,1.0471803898526172e-05,0.004330884968461097,0.009619119894811954,0.0014262836492178964,1.2949872283598196,0.00010946611080770651,0.02593360834850352,0.0,0.0,0.693667804487277,6.399203294257744e-05,66146.05220092491,0.026363497693592995,0.0,0.0,0.011461886887039908,0.03761509939472069,0.03438513931712291,5.225368034249696e-16,0.013554829293511803,4.81620067689675e-05,4.81620067689675e-05,0.02438457338842341,4.81620067689675e-05,1.2106880987795718e-05,0.024256744676067102,0.02421455941190364,0.023375659029779554,0.023375659029779554,0.013786566118002556,0.35310628626758,0.0,0.016067426686514005,0.0,0.0,1.3742176738355394,0.036849159238708504,0.8607314282695536,0.9640591572101547,0.10259946123490223,0.049594169426727536,0.002033714324449669
identity_transport,wave,proxy_0.20_0.05,0.0,0.031728045035076015,0.0,0.023295627870538738,0.00826355979047043,0.00011278781088700877,0.0064291326464929925,0.022641356445900682,0.10168054490350187,0.06780712596244282,148.12363526666982,0.018309833481907845,0.7186954890688261,1.0,0.0,3.7954268604516983,0.0,26895.52100424717,0.030492610841368634,0.0,0.0,1.4602184146642685,0.14148250641301274,0.1281847582819561,2.1815528162354137e-14,0.050406275472293295,0.00010506811186890748,0.00010506811186890748,0.7136502216259638,0.00010506811186890748,0.006436000966156523,0.7160993628203869,0.7184391741951307,0.9164021011028025,0.9164021011028025,0.1465112570141274,3.450028399626414,0.0,0.8979325940211614,0.25,1.0774961709976196,3.5971102192997932,0.22636333604653677,9.70522572596868,3.0196185510552216e-05,3.3358255819848637e-06,1.3321843147277832,0.01744140306254849,MiNO-Plus_wingaussian_modshell_balanced_K12_modes16_patch16_ref0.05_rlp0.16_hfc0.16_rb-5_pdo0_diss0_symord0_symparspectral_order_wfconf2_trhamiltonian_verlet_framegabor_gaussian_sparse1_sklp0.16_tsyn1_tin1_tref0,synthetic,3,wave_bicharacteristic_control,0.0,0.0035066435468472873,0.0,0.0036600311701132687,0.0010194156433299838,1.1663847198977492e-05,1.5258958378281596e-05,0.008311247577450899,0.007769509070992717,0.0013284513980633527,3.091390765195008,0.0,0.050660626836580264,0.0,0.0,0.5974974575662311,0.0,32971.66074366355,0.003684024629414787,0.0,0.0,0.06482434941743333,0.06857337161508549,0.06203796773349037,9.758673160795653e-16,0.024575287264603753,7.6093588662298e-05,7.6093588662298e-05,0.04899178423369776,7.6093588662298e-05,1.0364690905415058e-05,0.04788691696245,0.04698848241029232,0.03000136835415938,0.03000136835415938,0.019236004280316264,0.5619678205239713,0.0,0.016067426686514005,0.0,0.0,1.3742176738355394,0.0411289485297462,0.8748103242400284,3.209833949372292e-06,8.612599011111957e-07,0.0,0.007968924007119762
no_symbol,wave,proxy_0.20_0.05,0.0,0.009425968552224934,0.0,0.00032160608775989706,0.00793121021868299,9.669864289207908e-05,0.006423556414018902,0.0,0.10288087232038379,0.0675995766909586,135.29916023333257,6.024579655180181e-05,0.40027602141102153,1.0,0.0,1.595315070822835,0.018341358828668792,54650.53716402625,0.06909408639573182,0.0,0.0,1.4073839733997981,0.14223895563433567,0.1301527563482523,2.19280292431704e-14,0.048093930973360934,0.00010081779396386992,0.00010081779396386992,0.3923591611286004,0.00010081779396386992,0.006422881386242807,0.3919747720162074,0.391113484899203,0.0,0.0,0.0,2.267231230934461,0.0,0.8979325940211614,0.25,1.0774961709976196,3.5971102192997932,0.5577209966464175,9.006197392940521,7.614053964614868,1.1234199206034343,0.6954966911839114,0.004503459844272584,MiNO-Plus_wingaussian_modshell_balanced_K12_modes16_patch16_ref0.05_rlp0.16_hfc0.16_rb-5_pdo0_diss0_symord0_symparspectral_order_wfconf2_trhamiltonian_verlet_framegabor_gaussian_sparse1_sklp0.16_tsyn1_tin1_tref0,synthetic,3,wave_bicharacteristic_control,0.0,0.0006000273887072332,0.0,7.814294797694676e-05,0.0009407036860197689,3.439830234212771e-05,1.7474025461396125e-06,0.0,0.007984631872029182,0.001431031201534855,1.053321070765843,1.1303352584146927e-05,0.017463192831095663,0.0,0.0,0.3808769894247516,2.1717789506415843e-05,60128.21095201337,0.024986548402718092,0.0,0.0,0.05807971153804906,0.020871697774848087,0.0180303796306064,5.373051698195866e-16,0.009839416976034323,3.22741416742786e-05,3.22741416742786e-05,0.017160541103908748,3.22741416742786e-05,5.493689359149481e-06,0.01648505305838744,0.016157797035098346,0.0,0.0,0.0,0.6258873980571124,0.0,0.016067426686514005,0.0,0.0,1.3742176738355394,0.0639759073452612,0.8704646231433901,0.8962389083558063,0.5421596306748229,0.10128341606578468,0.0029074846992761753
no_transport,wave,proxy_0.20_0.05,0.0,0.03186819061132458,0.0,0.02335355384113629,0.00828119507140299,0.00010508597092792924,0.0064370661857537925,0.027663794417296432,0.10177130829025474,0.06780712676441504,46.08248930000021,0.018309833481907845,0.7202402651309967,1.0,0.0,3.661490738391876,0.0,23059.67534918338,0.030553247352751594,0.0,0.0,1.5043831219275792,0.14788688501964012,0.1338514160985748,2.2199842821805096e-14,0.05269517687459787,0.00010552741226395786,0.00010552741226395786,0.7148458162943522,0.00010552741226395786,0.006435202104815592,0.7172416647275289,0.7195026837289333,0.9954940581487285,0.9954940581487285,0.16539079125949582,3.425209899743398,0.0,0.8979325940211614,0.25,1.0774961709976196,3.5971102192997932,0.0,9.674769302209219,3.0078034114922048e-05,3.1723739558249995e-06,0.0,0.017569121477815013,MiNO-Plus_wingaussian_modshell_balanced_K12_modes16_patch16_ref0.05_rlp0.16_hfc0.16_rb-5_pdo0_diss0_symord0_symparspectral_order_wfconf2_trhamiltonian_verlet_framegabor_gaussian_sparse1_sklp0.16_tsyn1_tin1_tref0,synthetic,3,wave_bicharacteristic_control,0.0,0.003511682127594604,0.0,0.003704400869109616,0.0010327968456863691,3.2574044158285044e-05,4.254816610983051e-06,0.012498685818797735,0.008131103697550789,0.0013284518883083542,0.1918133111025637,0.0,0.0530505926722642,0.0,0.0,0.49740854142077917,0.0,25004.28097928203,0.004789278130376038,0.0,0.0,0.07501792176837026,0.018485946722777067,0.016524390199226847,8.388438014508938e-16,0.0078067651841434976,2.488966985820039e-05,2.488966985820039e-05,0.053170997239971915,2.488966985820039e-05,3.7785880832848934e-06,0.05221812170122722,0.05149324392202075,0.04684785234199777,0.04684785234199777,0.04338660089686454,0.2024707027418147,0.0,0.016067426686514005,0.0,0.0,1.3742176738355394,0.0,0.9039397027094775,3.0432176492900485e-06,8.263564393880202e-07,0.0,0.008655445554903524
no_transport_no_carrier,wave,proxy_0.20_0.05,0.0,0.03330654630877285,0.0,0.024471369963268645,0.0074772460357053205,9.407089273988984e-05,0.006444063445087522,0.0192385759890183,0.10172694937015574,0.06780712681615518,47.608237699998426,0.018309833481907845,0.8187046498060226,1.0,0.0,3.602795347571373,0.0,102035.00449745606,0.22970782779157162,0.0,0.0,1.4995422561963399,0.1177092333479474,0.11703827309732635,2.1337825861713867e-14,0.011622781360832354,9.197184586658598e-05,9.197184586658598e-05,0.8146873886386553,9.197184586658598e-05,0.00645332399290055,0.8172603150208791,0.819748543202877,0.9588887960546546,0.9588887960546546,0.14021664309418863,3.707453320423762,0.0,0.8979325940211614,0.25,1.0774961709976196,3.5971102192997932,0.0,0.0,0.0,0.0,0.0,0.091592917451635,MiNO-Plus_wingaussian_modshell_balanced_K12_modes16_patch16_ref0.05_rlp0.16_hfc0.16_rb-5_pdo0_diss0_symord0_symparspectral_order_wfconf2_trhamiltonian_verlet_framegabor_gaussian_sparse1_sklp0.16_tsyn1_tin1_tref0,synthetic,3,wave_bicharacteristic_control,0.0,0.0024083974324825724,0.0,0.002249301568900801,0.0008431279586109997,3.5186444214812535e-05,1.5182879046773724e-05,0.0035653085957709366,0.008222381777380428,0.0013284517705828178,0.2906914703347731,0.0,0.02353662347007584,0.0,0.0,0.3555914418138678,0.0,103705.2942914341,0.04115523510403541,0.0,0.0,0.04901023563395886,0.06507802922733556,0.06478555897976822,7.785215178476467e-16,0.005991001191161656,6.986364046998379e-05,6.986364046998379e-05,0.02375751497739425,6.986364046998379e-05,9.422154140788758e-06,0.02333433684374321,0.022998793223323204,0.030549229520823208,0.030549229520823208,0.01649803643566284,0.5856348709679875,0.0,0.016067426686514005,0.0,0.0,1.3742176738355394,0.0,0.0,0.0,0.0,0.0,0.03437723421326925
randomized_metadata,wave,proxy_0.20_0.05,0.0,0.041443638594096735,0.0,0.03162186316654293,0.008588221165862504,5.157730980433052e-06,0.006455209998724362,0.0022760692584395453,0.13093987008970645,0.04149418126326054,151.59518919999877,0.4603351019322872,0.9167853742837906,1.0,0.0,11.040041153629621,0.46091529230276745,120970.79418388505,0.22422888642176986,0.0,0.0,1.5185984522104263,0.004541200920357369,0.004457210627151653,1.744743515753823e-14,0.0008165052549884422,1.4233959868178067e-07,1.4233959868178067e-07,0.9124925285577774,1.4233959868178067e-07,0.006550695533708979,0.9220443144440651,0.9263585532704989,0.8515166098044978,0.8515166098044978,0.042319839293567287,3.508896807829539,0.0,0.8979325940211614,0.25,1.0774961709976196,3.5971102192997932,0.19725319950117004,5.19378603498141,11.425957719484964,0.747200840463241,0.0,0.10925280892600615,MiNO-Plus_wingaussian_modshell_balanced_K12_modes16_patch16_ref0.05_rlp0.16_hfc0.16_rb-5_pdo0_diss0_symord0_symparspectral_order_wfconf2_trhamiltonian_verlet_framegabor_gaussian_sparse1_sklp0.16_tsyn1_tin1_tref0,synthetic,3,wave_bicharacteristic_control,0.0,0.003388322725716532,0.0,0.003278487309311783,0.001104518193030457,6.625001316829099e-06,1.8332912835156568e-05,0.002675916904733412,0.009814120430092341,0.0005552427191027141,0.7043343039000769,0.002801190977790419,0.013631990080893337,0.0,0.0,3.6741725243247765,0.0028772403278376443,129704.28181561445,0.031246552075384508,0.0,0.0,0.006568677696140959,0.002410696644204822,0.0023574968530542997,9.876566937530335e-16,0.0004930046259608379,1.1272853600741898e-07,1.1272853600741898e-07,0.009581725606666293,1.1272853600741898e-07,3.594423353123702e-05,0.012522118725164975,0.012330202684924569,0.020348087679034378,0.020348087679034378,0.022601807081657103,0.13668263114520937,0.0,0.016067426686514005,0.0,0.0,1.3742176738355394,0.027034631667031635,0.17958082560604952,1.038980646726135,0.19388553910873227,0.0,0.009960516840788093
full,wave,proxy_0.20_0.05,0.0,0.0010665461904106148,0.0,0.00011751608541190864,0.0013940920454034414,1.1695317289062146e-05,0.006344374831921111,0.0003598203451619221,0.05553259571833122,0.108826811114947,149.82106803333104,3.917431483084025e-05,0.31741572295626,1.0,0.0,6.539387561380863,0.017535878034929436,1605551.0745442708,0.0699688995082397,0.0,0.0,1.4655134677886963,0.021691775841948886,0.016658260506422568,2.497554684948178e-14,0.011498262620686242,1.2602261714178553e-05,1.2602261714178553e-05,0.3148427310710152,1.2602261714178553e-05,0.0063280231358173,0.31476977840065956,0.3144801612943411,0.9221287700865004,0.9221287700865004,-0.011958985829955459,0.8622629592816035,0.0,0.4967314936220646,0.25,1.0774961709976196,0.5932435983171066,0.220553924019138,4.113645017147064,4.369687209526698,1.1610496193170547,1.3663433608081605,0.005166812343910958,MiNO-Plus_wingaussian_modshell_balanced_K12_modes16_patch16_ref0.05_rlp0.16_hfc0.16_rb-5_pdo0_diss0_symord0_symparspectral_order_wfconf2_trhamiltonian_verlet_framegabor_gaussian_sparse1_sklp0.16_tsyn1_tin1_tref0,synthetic,3,wave_chirp_propagation,0.0,0.0001818925253082635,0.0,5.383565204743777e-05,0.0003899030671545995,6.534559735747708e-06,2.3757209359893052e-05,0.0001546004128527404,0.007264237346737806,0.0004150881703126747,1.142392566256346,5.341392623288727e-06,0.07090241549601793,0.0,0.0,3.4997597214839975,1.1637592248113282e-05,338379.46565491945,0.030570977227976692,0.0,0.0,0.039653552079096356,0.001396701120652538,0.001144984392214196,7.832155119028953e-16,0.0025694836829064827,3.0440225919254794e-07,3.0440225919254794e-07,0.07064508311544279,3.0440225919254794e-07,2.509144482064482e-05,0.07017185936601246,0.06982048349438091,0.033202990811072,0.033202990811072,0.019092426628121495,0.13715738570306937,0.0,0.013847329607521936,0.0,0.0,0.13730731467394844,0.02792875273716972,0.12388482439478785,0.653078099557348,0.21072489248076196,0.020368058281413148,0.0010067630324500823
full_no_flow_supervision,wave,proxy_0.20_0.05,0.0,0.0010846970254634572,0.0,0.00012323425143121212,0.000929641888471148,1.1119080087058148e-05,0.006356036060929505,0.022170298205714464,0.06187195096087331,0.10669388715177774,147.94585619999756,0.007927259003433088,0.3212795974686742,1.0,0.0,7.504144207884868,0.017431168894593913,1671521.4044596355,0.06767881617997773,0.0,0.0,1.4911200354496639,0.01858812483260408,0.014215937015251257,2.4946872454876618e-14,0.009928589909880733,9.806408060697436e-06,9.806408060697436e-06,0.3190859056388338,9.806408060697436e-06,0.006359606185772766,0.31933725128571194,0.3193277884274721,0.9217073164052433,0.9217073164052433,0.12536499942911583,1.2011201828718185,0.0,0.4967314936220646,0.25,1.0774961709976196,0.5932435983171066,0.2175331676585807,4.042807906866074,4.206698293487231,2.1658489803473153,1.4208704862329695,0.006984337359123553,MiNO-Plus_wingaussian_modshell_balanced_K12_modes16_patch16_ref0.05_rlp0.16_hfc0.16_rb-5_pdo0_diss0_symord0_symparspectral_order_wfconf2_trhamiltonian_verlet_framegabor_gaussian_sparse1_sklp0.16_tsyn1_tin1_tref0,synthetic,3,wave_chirp_propagation,0.0,0.00017627183847388232,0.0,5.466170487610398e-05,6.75464626738139e-05,5.993486644336442e-06,1.6990284442303968e-05,0.01629004221787654,0.0025287978192712977,0.0019523237087555906,0.5712683652497723,0.005623084948338869,0.07514505676601149,0.0,0.0,4.7362444737407685,0.0011398502161695677,321082.5910724621,0.03416072512096548,0.0,0.0,0.032519779517821916,0.006830963591553933,0.004869513559385782,6.411160931923459e-16,0.004457440318595567,5.5012574913154616e-06,5.5012574913154616e-06,0.07478396986093468,5.5012574913154616e-06,3.79530238250645e-05,0.07449713392591892,0.07432665797474425,0.03865941419003153,0.03865941419003153,0.03161561795072666,0.6277569120513716,0.0,0.013847329607521936,0.0,0.0,0.13730731467394844,0.029979982860826263,0.11242956369750297,0.7182966725646622,0.36590978786207573,0.010574259444891917,0.0010973972065079752
identity_transport,wave,proxy_0.20_0.05,0.0,0.006109281859405908,0.0,0.005311904918117862,0.0012447129932348212,1.909157641335726e-06,0.00636324446531944,0.020833771540007245,0.061021871192173824,0.10888490111877522,149.64354206666758,0.017541948705911636,0.8065367278953394,1.0,0.0,17.592385431130726,0.0,749016.7913411459,0.04453538148663938,0.0,0.0,1.5112598091363907,0.007564862244180404,0.005744818372477312,2.3983429228582318e-14,0.004083872227056418,1.8392966115721165e-06,1.8392966115721165e-06,0.8061706510682901,1.8392966115721165e-06,0.0063780591008253396,0.809648851553599,0.8129131086170673,1.046598746544785,1.046598746544785,0.1415993203748561,1.2100686406095822,0.0,0.4967314936220646,0.25,1.0774961709976196,0.5932435983171066,0.21298238769587544,4.3328980803489685,1.4055748541371335e-05,5.0188820684600915e-06,1.3321843147277832,0.02587457695820679,MiNO-Plus_wingaussian_modshell_balanced_K12_modes16_patch16_ref0.05_rlp0.16_hfc0.16_rb-5_pdo0_diss0_symord0_symparspectral_order_wfconf2_trhamiltonian_verlet_framegabor_gaussian_sparse1_sklp0.16_tsyn1_tin1_tref0,synthetic,3,wave_chirp_propagation,0.0,0.0005515076173888949,0.0,0.0003783809505728565,0.00013306539952299918,1.3619813149540622e-06,2.3351604527608657e-05,0.00594540716300781,0.0035660873932259057,0.0003362866951843624,1.3328407887009455,0.0,0.18678652811672397,0.0,0.0,12.016319713768413,0.0,223112.23752269492,0.007377560947576529,0.0,0.0,0.05686278378127605,0.0047626405678695,0.0037445238517837755,1.2859421443347029e-15,0.0026210696379611598,1.8366876501177084e-06,1.8366876501177084e-06,0.18645059329315647,1.8366876501177084e-06,9.351256284233872e-06,0.18563634168515797,0.1849987584325323,0.1496281672029095,0.1496281672029095,0.026231589984366158,0.3081584117986456,0.0,0.013847329607521936,0.0,0.0,0.13730731467394844,0.015230969699364777,0.14968972912289183,1.1664430573316856e-06,1.742916748650358e-06,0.0,0.005774170217603687
no_symbol,wave,proxy_0.20_0.05,0.0,0.0012208696439049366,0.0,5.519914913065804e-05,0.0011112049447648234,1.2461669484887929e-05,0.006347610188337664,0.0,0.06513718841597438,0.1088332323771384,136.8345472000001,2.3524235681785893e-05,0.33661583128074807,1.0,0.0,3.6197518004725375,0.01754092991662522,1658820.5747070312,0.0723464932331505,0.0,0.0,1.4488351742426555,0.022668378815675776,0.01753051478105287,2.5260901732085996e-14,0.011865069080765048,1.3917069545973012e-05,1.3917069545973012e-05,0.33370333909988403,1.3917069545973012e-05,0.006331953569315374,0.3329849209015568,0.332141999155283,0.0,0.0,0.0,0.749988446633021,0.0,0.4967314936220646,0.25,1.0774961709976196,0.5932435983171066,0.5967491827905178,4.126606901486714,4.402232646942139,0.5452568617959818,1.1014048900041316,0.002628851267218124,MiNO-Plus_wingaussian_modshell_balanced_K12_modes16_patch16_ref0.05_rlp0.16_hfc0.16_rb-5_pdo0_diss0_symord0_symparspectral_order_wfconf2_trhamiltonian_verlet_framegabor_gaussian_sparse1_sklp0.16_tsyn1_tin1_tref0,synthetic,3,wave_chirp_propagation,0.0,0.00021191528459961188,0.0,3.4119129619468116e-05,8.68202086558431e-05,7.239557606832026e-06,1.749045209658413e-05,0.0,0.005023033775762341,0.00041843226238254255,0.7218342923654695,5.696166344448436e-06,0.06130644174193294,0.0,0.0,1.8658804607635615,5.616689356973447e-06,400513.66300020466,0.029147258403741102,0.0,0.0,0.02952920367470045,0.002336581691567876,0.001454847850600195,1.1642411445992182e-15,0.002864697185970852,1.166961932962905e-06,1.166961932962905e-06,0.06107234810388173,1.166961932962905e-06,1.58196776906991e-05,0.06051131714710393,0.06005415308237714,0.0,0.0,0.0,0.11593012108892363,0.0,0.013847329607521936,0.0,0.0,0.13730731467394844,0.050779395547815694,0.09949725439773402,0.6187630150227629,0.09473642695611505,0.17641797509017754,0.0014086230562690791
no_transport,wave,proxy_0.20_0.05,0.0,0.006526598045941985,0.0,0.005582937226184489,0.0012122377750327156,1.1851532477902271e-06,0.006381429515184007,0.023748113295166857,0.06250668495583038,0.10888490220531821,54.62740496666811,0.017541948705911636,0.8399961826701959,1.0,0.0,14.607524737715721,0.0,879423.1731770834,0.04199285677168518,0.0,0.0,1.5371452172597249,0.005745062788870807,0.004272147285519168,2.440597676710389e-14,0.0031557016215325953,9.434890885969457e-07,9.434890885969457e-07,0.8396946340799332,9.434890885969457e-07,0.006377325606687616,0.8428691538671652,0.8459626299639543,0.9600214180019166,0.9600214180019166,0.1518365969542275,1.5985935777425766,0.0,0.4967314936220646,0.25,1.0774961709976196,0.5932435983171066,0.0,4.35017716884613,1.4117646874941178e-05,3.452656837765744e-06,0.0,0.020464638286891084,MiNO-Plus_wingaussian_modshell_balanced_K12_modes16_patch16_ref0.05_rlp0.16_hfc0.16_rb-5_pdo0_diss0_symord0_symparspectral_order_wfconf2_trhamiltonian_verlet_framegabor_gaussian_sparse1_sklp0.16_tsyn1_tin1_tref0,synthetic,3,wave_chirp_propagation,0.0,0.0005089109615846137,0.0,0.00039155794584157694,0.0001126010503265977,1.240440206636344e-06,2.240296941237231e-05,0.008989552748360536,0.0036168745196686835,0.00033628602970874765,0.8599098758213921,0.0,0.16475834966843783,0.0,0.0,9.008039734402569,0.0,47073.618863879026,0.006079067021554415,0.0,0.0,0.054292913319879156,0.0027772679814737217,0.0014994707935031461,1.7260720939476338e-15,0.0020316720005626467,7.467000030714915e-07,7.467000030714915e-07,0.16472254234488823,7.467000030714915e-07,3.5565317145333774e-05,0.16416427421534163,0.16361814985986714,0.0447340239711559,0.0447340239711559,0.03427213996968669,0.6170858932319414,0.0,0.013847329607521936,0.0,0.0,0.13730731467394844,0.0,0.16638366433589935,1.2597350117792468e-06,1.1429525031878891e-06,0.0,0.004771748702141666
no_transport_no_carrier,wave,proxy_0.20_0.05,0.0,0.005936372219972934,0.0,0.0048042543142704135,0.0006901352375179057,4.4817646518116285e-06,0.0063860029622446746,0.0241498419846822,0.06228957380840762,0.10888490313664079,48.69614473333301,0.017541948705911636,0.8266813630859057,1.0,0.0,13.150948802630106,0.0,2137776.8404947915,0.40328945592045784,0.0,0.0,1.555481180548668,0.007710787506463627,0.007465617066676107,2.446192823429556e-14,0.0014480084767759156,2.9947664065647452e-06,2.9947664065647452e-06,0.8259806583325068,2.9947664065647452e-06,0.0063822267499441905,0.8282307932774226,0.8303335110346476,0.9667051740818554,0.9667051740818554,0.1494266451692157,1.716003194451332,0.0,0.4967314936220646,0.25,1.0774961709976196,0.5932435983171066,0.0,0.0,0.0,0.0,0.0,0.07848149219838281,MiNO-Plus_wingaussian_modshell_balanced_K12_modes16_patch16_ref0.05_rlp0.16_hfc0.16_rb-5_pdo0_diss0_symord0_symparspectral_order_wfconf2_trhamiltonian_verlet_framegabor_gaussian_sparse1_sklp0.16_tsyn1_tin1_tref0,synthetic,3,wave_chirp_propagation,0.0,0.0006024894598131014,0.0,0.000526713581528618,0.0001930895149983686,6.263803200789217e-06,1.7355291771635528e-05,0.014970591801360657,0.0035366307219707725,0.0003362867331121242,2.518902078608621,0.0,0.07705451057652797,0.0,0.0,5.72528571304513,0.0,498795.1964109313,0.11804476702810823,0.0,0.0,0.0853432594860759,0.002974958721499775,0.0027253982782247214,1.362834833778328e-15,0.0011102620568727753,2.580840726375072e-06,2.580840726375072e-06,0.07713142267695193,2.580840726375072e-06,1.0958482332383512e-05,0.07607357256357739,0.0751321860133244,0.035064478464299685,0.035064478464299685,0.05069386598008708,0.544046004275947,0.0,0.013847329607521936,0.0,0.0,0.13730731467394844,0.0,0.0,0.0,0.0,0.0,0.02250153934602011
randomized_metadata,wave,proxy_0.20_0.05,0.0,0.0090041564609338,0.0,0.0071768231508839465,0.0013814299528955114,6.602305128537249e-09,0.006442338587172951,0.0020123136550359456,0.08191549129292576,0.03709792238401456,151.87568960000013,0.4603302280108134,1.0403285796443622,1.0,0.0,22.34315016369025,0.4608769031862418,3518786.8310546875,0.4465131076673667,0.0,0.0,1.5295514663060505,0.00035549987539222155,0.0003477887409341444,8.818305800928561e-15,5.549934576265514e-05,4.823582022232357e-09,4.823582022232357e-09,1.044405460357666,4.823582022232357e-09,0.006575690504784386,1.0463522151112556,1.0492501457532246,0.8484862823453214,0.8484862823453214,0.04211500286085841,1.0788782313466072,0.0,0.4967314936220646,0.25,1.0774961709976196,0.5932435983171066,0.19569195486191246,2.2615187192956605,5.137833168109258,0.9224563166499138,0.0,0.14234369186063608,MiNO-Plus_wingaussian_modshell_balanced_K12_modes16_patch16_ref0.05_rlp0.16_hfc0.16_rb-5_pdo0_diss0_symord0_symparspectral_order_wfconf2_trhamiltonian_verlet_framegabor_gaussian_sparse1_sklp0.16_tsyn1_tin1_tref0,synthetic,3,wave_chirp_propagation,0.0,0.00014909856500320602,0.0,0.00041045955644720045,0.00015052631436666207,5.9146801297447325e-09,3.649750412937209e-05,0.0022010824931415606,0.006676416534885577,0.00020719595445639787,1.9851793643947144,0.0028029282280561865,0.02555908051445909,0.0,0.0,7.124990449464084,0.0028810030884128127,852079.6022238523,0.02479690241324004,0.0,0.0,0.014949543465259115,0.00015547614326973618,0.00016214117992740837,2.475331591790231e-15,2.337200555435191e-05,3.756596024412818e-09,3.756596024412818e-09,0.03558817877418374,3.756596024412818e-09,0.00012541709702788698,0.028078277692604476,0.028289332714144924,0.01520724364604772,0.01520724364604772,0.01869416252713527,0.07746617388771113,0.0,0.013847329607521936,0.0,0.0,0.13730731467394844,0.01748427684087798,0.19637016542473065,0.08001087244281771,0.33324927908840213,0.0,0.0060084362792075015
full,wave,proxy_0.20_0.05,0.0,0.004825028421894078,0.0,0.0008188696261236651,0.007943797608378291,0.00013057169835267105,0.006386463168180651,0.006483880232123183,0.08529090644636501,0.06332898264129956,146.90210586666703,0.011935628795375427,0.30140559064845246,1.0,0.0,0.8292545030514399,0.011935628795375427,20773.16294932179,0.026117163302842528,0.0,0.0,1.423398996392886,0.10010391322551489,0.091105594925466,1.8283253653268678e-14,0.03135218749351528,8.963988895980175e-05,8.963988895980175e-05,0.2960171488424142,8.963988895980175e-05,0.006487169943284243,0.2983509860932827,0.29996788998444873,0.8776446783708202,0.8776446783708202,0.11558729042422379,1.3046844278772671,0.0,0.8708280026912689,0.25,1.0774961709976196,4.600387858847777,0.2509045263545381,8.032341460386911,5.328641662995021,1.5328057060639064,1.3804831314418051,0.01092840552640458,MiNO-Plus_wingaussian_modshell_balanced_K12_modes16_patch16_ref0.05_rlp0.16_hfc0.16_rb-5_pdo0_diss0_symord0_symparspectral_order_wfconf2_trhamiltonian_verlet_framegabor_gaussian_sparse1_sklp0.16_tsyn1_tin1_tref0,synthetic,3,wave_synth,0.0,0.00019802450254534384,0.0,3.463179559590935e-05,0.0018281335998447147,1.4219928979033007e-05,4.823998977796274e-06,0.006130438295637367,0.004961170292057812,0.0008321421797351838,1.4114317273093782,6.248974188414761e-05,0.027888791082716625,0.0,0.0,0.05930483804658623,6.248974188414761e-05,13269.599903699493,0.002326915976208143,0.0,0.0,0.008823822182311649,0.0892292256654591,0.08109772676996195,9.926477283386777e-15,0.02830497335857192,8.04313312791056e-05,8.04313312791056e-05,0.031124713215054896,8.04313312791056e-05,0.00017867513872578617,0.03095216589113202,0.030790796972672403,0.05577866544520575,0.05577866544520575,0.08220755529221109,0.3441837541971821,0.0,0.026746105471968817,0.0,0.0,1.99245198888782,0.03962453421338999,0.7874602566280543,0.7696872833614009,0.35711180326827807,0.001693184289388483,0.0004297811320910087
full_no_flow_supervision,wave,proxy_0.20_0.05,0.0,0.004815303583099093,0.0,0.0008149371741536823,0.007670470717938668,0.00013763656911199482,0.006384594340084327,0.005882919321417527,0.0863700408824823,0.06332889561437899,145.59871016666634,0.01190222892910242,0.30148116312921047,1.0,0.0,0.8334541668494543,0.01190222892910242,21762.395477599155,0.026005801279097795,0.0,0.0,1.4262474278608959,0.10827656713324056,0.09848819880001732,1.7910008461535434e-14,0.03399858143317639,0.00010517515469635082,0.00010517515469635082,0.29564311106999713,0.00010517515469635082,0.006478228160024931,0.2980239763855934,0.2996529483546813,0.8773569791681236,0.8773569791681236,0.10937622854706003,1.3931871677438419,0.0,0.8708280026912689,0.25,1.0774961709976196,4.600387858847777,0.24992166356080106,8.023619830608368,5.304642081260681,1.4465464303890865,1.3784192634953394,0.0109060108079575,MiNO-Plus_wingaussian_modshell_balanced_K12_modes16_patch16_ref0.05_rlp0.16_hfc0.16_rb-5_pdo0_diss0_symord0_symparspectral_order_wfconf2_trhamiltonian_verlet_framegabor_gaussian_sparse1_sklp0.16_tsyn1_tin1_tref0,synthetic,3,wave_synth,0.0,0.00018707247260276732,0.0,3.555055972272155e-05,0.0014476100676668806,1.397736531943068e-05,5.610337695655799e-06,0.004467589863573651,0.0039041563545592936,0.0008314151506057408,2.3703287278107292,5.209131552934956e-05,0.027634767872507075,0.0,0.0,0.05721693616705951,5.209131552934956e-05,14897.537668175699,0.002459676273374918,0.0,0.0,0.010177484745315404,0.09416126694706445,0.08560514234824208,9.994795186481469e-15,0.029722038144160887,9.108396596495101e-05,9.108396596495101e-05,0.03152714111277701,9.108396596495101e-05,0.00018586982200398486,0.031289133930377584,0.031127864279231726,0.05767039446519128,0.05767039446519128,0.09160723148797395,0.260042819255393,0.0,0.026746105471968817,0.0,0.0,1.99245198888782,0.04093832182754976,0.7993366654707246,0.7970438030298147,0.244736254970408,0.002676984788157016,0.00047857029414645735
identity_transport,wave,proxy_0.20_0.05,0.0,0.015291619408849834,0.0,0.011472404332582502,0.007189689841955745,7.258112267373285e-05,0.00640167392622162,0.032107624425811485,0.09517396368189819,0.06339457801853617,144.03612780000307,0.0,0.5391080503662428,1.0,0.0,1.15641042838494,0.0,13779.262588628257,0.02441876711479078,0.0,0.0,1.4695124179124832,0.11296221613883972,0.09948110464029014,2.329233462340106e-14,0.040914822447424136,7.723415421878599e-05,7.723415421878599e-05,0.534983633706967,7.723415421878599e-05,0.006398419170485188,0.5380799006670713,0.5408989836772283,0.9269593784378635,0.9269593784378635,0.17311625568820294,0.7026020611325899,0.0,0.8708280026912689,0.25,1.0774961709976196,4.600387858847777,0.22369805940737325,9.327845176060995,2.8477614553897485e-05,2.0325460686384154e-06,1.3321843147277832,0.01286564411323828,MiNO-Plus_wingaussian_modshell_balanced_K12_modes16_patch16_ref0.05_rlp0.16_hfc0.16_rb-5_pdo0_diss0_symord0_symparspectral_order_wfconf2_trhamiltonian_verlet_framegabor_gaussian_sparse1_sklp0.16_tsyn1_tin1_tref0,synthetic,3,wave_synth,0.0,0.001141492929321248,0.0,0.0010820412567060487,0.0003161898290612169,1.582552624715456e-05,8.021170814285456e-06,0.01459053935530733,0.003300987659130967,0.0007723317411412019,1.1493356311661342,0.0,0.016790421221615875,0.0,0.0,0.03277626208266944,0.0,14234.707988322443,0.0004938630072116228,0.0,0.0,0.00913132823366482,0.01706169063865051,0.015467537312088251,1.784185705565604e-15,0.005475861724121974,1.801147130089069e-05,1.801147130089069e-05,0.01645841006799359,1.801147130089069e-05,1.667547128391939e-05,0.016221086922919545,0.01601012020720408,0.01772367738376281,0.01772367738376281,0.04539756787606826,0.4570859042771035,0.0,0.026746105471968817,0.0,0.0,1.99245198888782,0.029702226611639144,0.9935318089009161,2.600329232495827e-06,4.6581372667414476e-07,0.0,0.00023932340124074687
no_symbol,wave,proxy_0.20_0.05,0.0,0.00494751711246661,0.0,0.0007870523014490674,0.006921568027893146,0.00013532437413409248,0.006365173787344247,0.0,0.09604972788494909,0.06332426559593943,132.69138073333548,0.011601869249716401,0.3062806191543738,1.0,0.0,0.8353693932294846,0.011601869249716401,23213.94259563337,0.0261243079827788,0.0,0.0,1.4221862802902858,0.14957541755090156,0.13563478225842118,2.3844231857437046e-14,0.047496743965893984,0.00014229382221249884,0.00014229382221249884,0.29799677804112434,0.00014229382221249884,0.006361803563777357,0.30033256486058235,0.30196536146104336,0.0,0.0,0.0,1.7383200923601787,0.0,0.8708280026912689,0.25,1.0774961709976196,4.600387858847777,0.6520271495812469,7.950400610764821,5.285585304101308,0.5211536219964424,0.7833033998807271,0.010477309968943397,MiNO-Plus_wingaussian_modshell_balanced_K12_modes16_patch16_ref0.05_rlp0.16_hfc0.16_rb-5_pdo0_diss0_symord0_symparspectral_order_wfconf2_trhamiltonian_verlet_framegabor_gaussian_sparse1_sklp0.16_tsyn1_tin1_tref0,synthetic,3,wave_synth,0.0,0.00020026247226192075,0.0,3.3970933822732135e-05,0.0002619999297564635,2.110238427528407e-05,1.548067879898871e-05,0.0,0.0036293649306888137,0.0008282333022550372,0.180249930757802,0.000153475349260972,0.02432498631401439,0.0,0.0,0.055510784281498075,0.000153475349260972,17291.36272746731,0.0029799849556918084,0.0,0.0,0.015450430838708545,0.01933622662034795,0.018543464692663013,1.1141558948298187e-15,0.005463341041627344,1.919207678315233e-05,1.919207678315233e-05,0.02458800129319751,1.919207678315233e-05,2.4759757004672168e-05,0.024474128749695286,0.024413341058433492,0.0,0.0,0.0,0.6225193090589314,0.0,0.026746105471968817,0.0,0.0,1.99245198888782,0.023347292617823954,0.9070716359265976,0.7980358805184202,0.19069666179274364,0.02187463983617578,0.0008362290487474948
no_transport,wave,proxy_0.20_0.05,0.0,0.015295153435242053,0.0,0.01146481962091962,0.007182083941895851,7.484591724467767e-05,0.0063930927167853546,0.023821814438431628,0.09520762086483753,0.06339457892398867,53.765246899999816,0.0,0.5384614827732245,1.0,0.0,1.1647178108493488,0.0,9848.362789158398,0.023969274285870295,0.0,0.0,1.4714324275652568,0.12274193856865168,0.10788330420230825,2.3916515319815123e-14,0.044672491416955985,9.05689637420437e-05,9.05689637420437e-05,0.5339593552052975,9.05689637420437e-05,0.006381802008642505,0.5371112662057081,0.5399573842684428,0.9435274464388689,0.9435274464388689,0.14883463715846623,0.5100589866439501,0.0,0.8708280026912689,0.25,1.0774961709976196,4.600387858847777,0.0,9.294775942961374,2.8354997690864064e-05,2.0647392204864445e-06,0.0,0.012841435508259261,MiNO-Plus_wingaussian_modshell_balanced_K12_modes16_patch16_ref0.05_rlp0.16_hfc0.16_rb-5_pdo0_diss0_symord0_symparspectral_order_wfconf2_trhamiltonian_verlet_framegabor_gaussian_sparse1_sklp0.16_tsyn1_tin1_tref0,synthetic,3,wave_synth,0.0,0.0011754141227514508,0.0,0.0011006744542744746,0.0003126024591114955,9.466559011705173e-06,1.5011409575999246e-05,0.007605235178477518,0.0034460461870489487,0.0007723328599033666,2.22346735415728,0.0,0.018300769961229337,0.0,0.0,0.047390235442477883,0.0,5294.881153601786,0.0005880534914080929,0.0,0.0,0.008981241737487041,0.011724255305048862,0.010953907477714842,1.4430509090919395e-15,0.004068469456742493,5.676193405444434e-06,5.676193405444434e-06,0.018054905928864853,5.676193405444434e-06,1.4048575663565322e-05,0.017807898602502283,0.01762427413355278,0.016943345648996248,0.016943345648996248,0.025934231008717633,0.1833008533331409,0.0,0.026746105471968817,0.0,0.0,1.99245198888782,0.0,1.0173834094820706,2.6271465195826215e-06,4.058795018582567e-07,0.0,0.0001450009281987976
no_transport_no_carrier,wave,proxy_0.20_0.05,0.0,0.025749858614290133,0.0,0.0216110417143985,0.006106914889743267,8.671157186452344e-05,0.006406409811461344,0.017335286674400173,0.09441832379282764,0.06339457856180768,46.816864233333035,0.0,0.7763502895832062,1.0,0.0,1.156551296512286,0.0,43193.946071214974,0.2481092136974136,0.0,0.0,1.5217639207839966,0.07507122167953639,0.07459276931391894,1.844175871693014e-14,0.00793486588615148,6.241929172859141e-05,6.241929172859141e-05,0.7741477328042189,6.241929172859141e-05,0.006497935780013601,0.7769298627972603,0.7796395868062973,0.9093588445749547,0.9093588445749547,0.1575323460662427,0.4027348483602206,0.0,0.8708280026912689,0.25,1.0774961709976196,4.600387858847777,0.0,0.0,0.0,0.0,0.0,0.08146411067961405,MiNO-Plus_wingaussian_modshell_balanced_K12_modes16_patch16_ref0.05_rlp0.16_hfc0.16_rb-5_pdo0_diss0_symord0_symparspectral_order_wfconf2_trhamiltonian_verlet_framegabor_gaussian_sparse1_sklp0.16_tsyn1_tin1_tref0,synthetic,3,wave_synth,0.0,0.0011400045977313022,0.0,0.00131971258073338,0.000329596179867793,1.9088987316858106e-05,1.0749994824363256e-05,0.00466312416890817,0.0035770817695251777,0.0007723332268348592,0.44120153976624127,0.0,0.028045275861393673,0.0,0.0,0.12944278107541665,0.0,36801.51782942079,0.024961522155311333,0.0,0.0,0.0042620269443993854,0.0652023109039447,0.06481188964168243,1.0264476522249578e-14,0.006835487063096139,5.934398375115021e-05,5.934398375115021e-05,0.029830751611052152,5.934398375115021e-05,0.00016897933316529153,0.029012893205746855,0.028379414121507494,0.10513848380035966,0.10513848380035966,0.06498384539032048,0.11112906954871737,0.0,0.026746105471968817,0.0,0.0,1.99245198888782,0.0,0.0,0.0,0.0,0.0,0.021279052043735914
randomized_metadata,wave,proxy_0.20_0.05,0.0,0.03377193217036418,0.0,0.02920919681815172,0.007209124630915337,1.8111079285176857e-06,0.0064198053377266555,0.0026720442383521004,0.12176825490314513,0.04147207116087278,145.95808920000127,0.46050426612297696,0.8950935900211334,1.0,0.0,2.2653266241153083,0.46050426612297696,51006.83593201389,0.2244830308482051,0.0,0.0,1.5280416458845139,0.008596140013348,0.008394542011956219,1.2957082917069813e-14,0.0016355322239481513,8.799119159362082e-07,8.799119159362082e-07,0.9045065815250078,8.799119159362082e-07,0.006506764349372436,0.9010672345757484,0.9064222450057665,0.8476065985030599,0.8476065985030599,0.0725708592734817,0.2892911434173584,0.0,0.8708280026912689,0.25,1.0774961709976196,4.600387858847777,0.20376514426122108,5.140217304229736,11.233100652694702,0.9923808512588342,0.0,0.12339315470308065,MiNO-Plus_wingaussian_modshell_balanced_K12_modes16_patch16_ref0.05_rlp0.16_hfc0.16_rb-5_pdo0_diss0_symord0_symparspectral_order_wfconf2_trhamiltonian_verlet_framegabor_gaussian_sparse1_sklp0.16_tsyn1_tin1_tref0,synthetic,3,wave_synth,0.0,0.0016315297726932046,0.0,0.0019305277063328132,0.0003066218360832076,1.3441626180292143e-06,3.401936265382228e-05,0.003409734756825771,0.002767809400060644,0.001589365648358589,1.3571716704821046,0.0027697381100657463,0.02356898893682919,0.0,0.0,0.16210343418823167,0.0027697381100657463,34319.846451578516,0.04361569890933995,0.0,0.0,0.02036592781670139,0.00806018033062308,0.007843598623997321,8.48433154593279e-15,0.0016763743751317165,1.173221280754191e-06,1.173221280754191e-06,0.0065713172128132,1.173221280754191e-06,0.00016143778837454412,0.022889842851034015,0.022583507240817133,0.03770569088390527,0.03770569088390527,0.07972348448829213,0.01974564999422925,0.0,0.026746105471968817,0.0,0.0,1.99245198888782,0.040988864640462926,0.22930575619450705,1.1025510671683574,0.4501392542238732,0.0,0.00600848167101629
full,wave,proxy_0.20_0.05,0.0,0.0004751607569536039,0.0,0.00012583140273313297,0.0022556214494721238,9.50033946386005e-06,0.0063401885110781426,0.0024887967427073615,0.07293566388802396,0.08613468339252803,148.92990446666713,3.933929777607167e-05,0.20700719890495142,1.0,0.0,0.3739068768918514,0.016091405414044857,443567.0950520833,0.007383269859322657,0.0,0.0,1.3073597153027852,0.02305955959794422,0.020363674964755774,2.3931168778044385e-14,0.010790877742692828,9.410675602339325e-06,9.410675602339325e-06,0.20480586277941862,9.410675602339325e-06,0.00634355175619324,0.20446439584096274,0.2039221009860436,0.9193110962708791,0.9193110962708791,0.02736919264942925,1.620785156885783,0.0,0.763738289475441,0.25,1.0774961709976196,0.6179926718274752,0.2341521628614929,5.38867574930191,5.310545305411021,0.9227373699347178,1.3640792022148769,0.009122991177719086,MiNO-Plus_wingaussian_modshell_balanced_K12_modes16_patch16_ref0.05_rlp0.16_hfc0.16_rb-5_pdo0_diss0_symord0_symparspectral_order_wfconf2_trhamiltonian_verlet_framegabor_gaussian_sparse1_sklp0.16_tsyn1_tin1_tref0,synthetic,3,wave_two_packet_no_interaction,0.0,5.066614813140116e-05,0.0,1.9524612654988015e-05,0.001030676668131171,2.106916311601994e-06,1.3365092287435223e-05,0.002067654252344634,0.00451124472466941,1.3296006563869952e-05,1.1623837559664283,2.2756812144994067e-06,0.009572634779432048,0.0,0.0,0.021757278587441056,1.927248237550854e-06,199531.13089846008,0.0006687939437319155,0.0,0.0,0.012289141301868287,0.0021099937603988837,0.00209620468249875,6.44079291498808e-16,0.000988546410430251,1.9643861426535864e-06,1.9643861426535864e-06,0.009265563502568139,1.9643861426535864e-06,3.1147495667656196e-05,0.009243853698777553,0.009233879213445758,0.042486059217799875,0.042486059217799875,0.04051449508753136,0.5064218427241717,0.0,0.005285779749859039,0.0,0.0,0.002936256156399331,0.01772481383369244,0.03901403513880431,0.0438201151588636,0.05939304666963007,0.02411730757535309,0.00186706842046897
full_no_flow_supervision,wave,proxy_0.20_0.05,0.0,0.00046398613772503775,0.0,0.0001241243896604121,0.002560616298675692,6.833002482646104e-06,0.006353582197334617,0.015086408541702486,0.07304082984208232,0.08471128028920956,149.22914133333447,0.007227463279074679,0.18689447393019995,1.0,0.0,0.4941032702724139,0.014299498211281994,390677.17578125,0.007699077483266592,0.0,0.0,1.270444894830386,0.018240834314686556,0.016271176321121555,2.4747691810296822e-14,0.008223392011132091,6.2848451041948765e-06,6.2848451041948765e-06,0.18528091410795847,6.2848451041948765e-06,0.006366817358260353,0.18577949640651545,0.1859855062017838,0.9377069535354773,0.9377069535354773,0.10992191444771984,2.6521501938501992,0.0,0.763738289475441,0.25,1.0774961709976196,0.6179926718274752,0.22842565127131012,5.428779860337575,5.2158583998680115,3.4181383152802787,1.371563887430562,0.0056232937301198644,MiNO-Plus_wingaussian_modshell_balanced_K12_modes16_patch16_ref0.05_rlp0.16_hfc0.16_rb-5_pdo0_diss0_symord0_symparspectral_order_wfconf2_trhamiltonian_verlet_framegabor_gaussian_sparse1_sklp0.16_tsyn1_tin1_tref0,synthetic,3,wave_two_packet_no_interaction,0.0,0.00015973825086063338,0.0,1.3864372041390164e-05,0.0019775514245618437,4.491380179158695e-06,9.590150212335973e-06,0.017989198162079882,0.01099596038301707,0.0009159835062588792,1.5437531509327527,0.003944823338056559,0.023447701951516922,0.0,0.0,0.03758812619457373,0.0009449706939209104,86591.214900301,0.0004840546320278907,0.0,0.0,0.01710396106289654,0.005042304690686812,0.004603537440996075,1.463847369816033e-16,0.0021800802337556767,3.6299329798803887e-06,3.6299329798803887e-06,0.022706335700526846,3.6299329798803887e-06,2.3413070675342736e-05,0.02217207128858485,0.02175935932083213,0.05401194536181097,0.05401194536181097,0.09540782853991436,0.06434708397178361,0.0,0.005285779749859039,0.0,0.0,0.002936256156399331,0.02217491153988684,0.051327359338351176,0.10202618434348656,1.8943874652268435,0.02985894794949931,0.000547025322282402
identity_transport,wave,proxy_0.20_0.05,0.0,0.006121126737626684,0.0,0.005910936765657324,0.0019334627666264875,1.749882937749112e-07,0.006338108689912285,0.03973279785390736,0.07928625297629172,0.08596763345930311,148.51572150000234,0.01609968952834606,0.7492374653617541,1.0,0.0,1.7206298510233562,0.0,296663.34765625,0.02502345448980729,0.0,0.0,1.3048885464668274,0.002432019668049179,0.0021533487658113395,2.4159269315611892e-14,0.001118238411436323,1.8315148939129777e-07,1.8315148939129777e-07,0.7492159157991409,1.8315148939129777e-07,0.006333083709857116,0.7540639912088712,0.7587098677953085,1.0381392389535904,1.0381392389535904,0.18635921642352413,2.6055889328320823,0.0,0.763738289475441,0.25,1.0774961709976196,0.6179926718274752,0.21677227763252124,5.910433570543925,1.5718634206981125e-05,2.1144164842705018e-06,1.3321843147277832,0.031580918934196234,MiNO-Plus_wingaussian_modshell_balanced_K12_modes16_patch16_ref0.05_rlp0.16_hfc0.16_rb-5_pdo0_diss0_symord0_symparspectral_order_wfconf2_trhamiltonian_verlet_framegabor_gaussian_sparse1_sklp0.16_tsyn1_tin1_tref0,synthetic,3,wave_two_packet_no_interaction,0.0,0.00028362729234730197,0.0,0.00021915314166006365,2.880316425273125e-05,2.674527279803888e-07,2.019712506394204e-05,0.035307549404803545,0.0013948325629624995,9.736789670532638e-06,1.8369082653421092,0.0,0.01791191087338973,0.0,0.0,0.03082492643399421,0.0,177743.4702656017,0.005628706671005487,0.0,0.0,0.020377163824294556,0.0025670232537446888,0.0022855266752489964,2.749446009962619e-16,0.0011850377156387537,2.797814005666193e-07,2.797814005666193e-07,0.017882782317786772,2.797814005666193e-07,2.8073737007422133e-05,0.018113658001183516,0.0183418023536998,0.15554555480135127,0.15554555480135127,0.08294606112311179,0.6036522863710461,0.0,0.005285779749859039,0.0,0.0,0.002936256156399331,0.012485410406936145,0.05877442956927765,1.6142882573151667e-07,2.3640037103059168e-07,0.0,0.004243223083799878
no_symbol,wave,proxy_0.20_0.05,0.0,0.0006397617172398086,0.0,7.112008572423494e-05,0.001678993941621027,1.4235007824936474e-05,0.006350474639071358,0.0,0.08366525685414672,0.08613216716589199,136.4784250999995,2.3912998358355253e-05,0.23724259187777838,1.0,0.0,0.342412152638038,0.01609529492755731,499121.32421875,0.007982388410406807,0.0,0.0,1.2930299739042919,0.025009105835730832,0.022327354604688782,2.4174273092550922e-14,0.011243206836904088,1.2064210181961244e-05,1.2064210181961244e-05,0.23437680241962275,1.2064210181961244e-05,0.006366570848816385,0.23366046572724977,0.2328090580801169,0.0,0.0,0.0,2.6989769389232,0.0,0.763738289475441,0.25,1.0774961709976196,0.6179926718274752,0.5623099019543992,5.468365907669067,5.402048031489055,0.5822603181004524,1.1717868223786354,0.0049958348196620745,MiNO-Plus_wingaussian_modshell_balanced_K12_modes16_patch16_ref0.05_rlp0.16_hfc0.16_rb-5_pdo0_diss0_symord0_symparspectral_order_wfconf2_trhamiltonian_verlet_framegabor_gaussian_sparse1_sklp0.16_tsyn1_tin1_tref0,synthetic,3,wave_two_packet_no_interaction,0.0,1.3701103803727639e-05,0.0,1.7584321530670666e-05,5.9116026828896934e-05,2.160121254974954e-06,7.853348774657229e-06,0.0,0.00036816440002120977,1.2132259565615682e-05,1.2842566163911169,3.3694005975929945e-06,0.004105568094877681,0.0,0.0,0.06615810033776202,1.3346344048139084e-06,136133.93016134333,0.00045922238470645746,0.0,0.0,0.04251697936883449,0.007967745925238408,0.0074358943222417526,6.442427780797007e-16,0.0029976842763564993,6.916191432342648e-06,6.916191432342648e-06,0.0032516836695514226,6.916191432342648e-06,5.499843339283348e-05,0.003510314553336004,0.003715990860676901,0.0,0.0,0.0,0.6064981834441738,0.0,0.005285779749859039,0.0,0.0,0.002936256156399331,0.06418902487485696,0.006813646191898386,0.009797415424504064,0.046285378910524595,0.08071969416813968,0.0006008431922243603
no_transport,wave,proxy_0.20_0.05,0.0,0.006684852715504046,0.0,0.006327484811966618,0.0019115763999353577,7.793798965772937e-08,0.0063749914697837085,0.027529197259961315,0.08058712993645006,0.08596763506324755,54.39323483333525,0.01609968952834606,0.7791746333241463,1.0,0.0,1.702134867509206,0.0,536300.8802083334,0.03371619142126292,0.0,0.0,1.3624699314435322,0.0011586190206192744,0.0010257877875119448,2.35491076497496e-14,0.0005314664255517224,2.6497107526631442e-08,2.6497107526631442e-08,0.7791551699241003,2.6497107526631442e-08,0.006403109951255222,0.7839871644973755,0.7885939925909042,0.9502354297373029,0.9502354297373029,0.16560103658735492,3.0859948893388114,0.0,0.763738289475441,0.25,1.0774961709976196,0.6179926718274752,0.0,6.015513737996419,1.599674859183627e-05,1.677966385689918e-06,0.0,0.032205100947370134,MiNO-Plus_wingaussian_modshell_balanced_K12_modes16_patch16_ref0.05_rlp0.16_hfc0.16_rb-5_pdo0_diss0_symord0_symparspectral_order_wfconf2_trhamiltonian_verlet_framegabor_gaussian_sparse1_sklp0.16_tsyn1_tin1_tref0,synthetic,3,wave_two_packet_no_interaction,0.0,0.0006248953483815489,0.0,0.0004437201978191877,4.5303816869280276e-05,8.638505114170063e-08,1.9855987279584893e-05,0.014247712406623165,0.001908190502018396,9.738833683897986e-06,1.1698654282758874,0.0,0.03374818298443715,0.0,0.0,0.06576086060460844,0.0,286325.9252708837,0.017577239316632156,0.0,0.0,0.08731595829648472,0.0004337937621812318,0.00042998171829048803,7.796689616691306e-16,0.00012143513484692835,1.8584856696206152e-08,1.8584856696206152e-08,0.033732791966249155,1.8584856696206152e-08,7.161829227808776e-05,0.033445133306128104,0.03318493130327535,0.06291468501473609,0.06291468501473609,0.04409427458299689,0.052729151290263884,0.0,0.005285779749859039,0.0,0.0,0.002936256156399331,0.0,0.10778853497775746,2.7790772182928424e-07,5.11297534053701e-07,0.0,0.002260959818708441
no_transport_no_carrier,wave,proxy_0.20_0.05,0.0,0.007319255376286391,0.0,0.00655320657016192,0.0008135123595517749,8.270910267831826e-06,0.006387169479340728,0.032837148290127516,0.07967600754151742,0.08596763273494111,48.5590809333371,0.01609968952834606,0.8018628334005674,1.0,0.0,1.4616350332895915,0.0,699905.4739583334,0.20121498902638754,0.0,0.0,1.3515533655881882,0.012158992799716847,0.0118438923721745,2.288619199548544e-14,0.00273333120700651,8.150197948827062e-06,8.150197948827062e-06,0.8013268609841665,8.150197948827062e-06,0.0064418475376442075,0.8046700805425644,0.8078643182913462,1.0318019543257024,1.0318019543257024,0.17901120009547514,3.7067691485087075,0.0,0.763738289475441,0.25,1.0774961709976196,0.6179926718274752,0.0,0.0,0.0,0.0,0.0,0.1060462078700463,MiNO-Plus_wingaussian_modshell_balanced_K12_modes16_patch16_ref0.05_rlp0.16_hfc0.16_rb-5_pdo0_diss0_symord0_symparspectral_order_wfconf2_trhamiltonian_verlet_framegabor_gaussian_sparse1_sklp0.16_tsyn1_tin1_tref0,synthetic,3,wave_two_packet_no_interaction,0.0,0.0008769903032427004,0.0,0.000873011116399483,0.00037153988635436246,1.3691058004873714e-05,1.653761806567362e-05,0.022593825581823365,0.0020859173045343258,9.738516201745864e-06,0.027505913153772637,0.0,0.038440453921681765,0.0,0.0,0.12584998772836453,0.0,172549.24227399103,0.02047304850280968,0.0,0.0,0.06062753826278537,0.018747242437706892,0.018223884190448434,8.151139345632019e-16,0.004413649507755599,1.4043217450598807e-05,1.4043217450598807e-05,0.03929508701321631,1.4043217450598807e-05,7.641115956552537e-05,0.03945082735126796,0.03972280006289022,0.13876911567246447,0.13876911567246447,0.062110271061479226,0.7615275894403836,0.0,0.005285779749859039,0.0,0.0,0.002936256156399331,0.0,0.0,0.0,0.0,0.0,0.008753212953645643
randomized_metadata,wave,proxy_0.20_0.05,0.0,0.011885339834002985,0.0,0.010976203688187525,0.0020319269727527476,2.566586967647469e-09,0.006404747310120406,0.0025444056791962388,0.13049586934761867,0.021018041142572958,149.02243113333193,0.4594951656957467,1.0058381979664166,1.0,0.0,2.433306654294332,0.45994049683213234,752590.8385416666,0.32478897894422215,0.0,0.0,1.5160576105117798,0.00039169574968885473,0.000387690761272097,4.1265817651714405e-15,4.754083283842192e-05,3.673321868902235e-09,3.673321868902235e-09,1.0381333927313487,3.673321868902235e-09,0.006627984170336276,1.0124080578486125,1.016784814496835,0.847571697913938,0.847571697913938,0.052543198905671794,3.3460050523281097,0.0,0.763738289475441,0.25,1.0774961709976196,0.6179926718274752,0.20441209618002176,3.162695745627085,7.0049386620521545,0.6892470406989256,0.0,0.16055543596545854,MiNO-Plus_wingaussian_modshell_balanced_K12_modes16_patch16_ref0.05_rlp0.16_hfc0.16_rb-5_pdo0_diss0_symord0_symparspectral_order_wfconf2_trhamiltonian_verlet_framegabor_gaussian_sparse1_sklp0.16_tsyn1_tin1_tref0,synthetic,3,wave_two_packet_no_interaction,0.0,0.00031599145102182834,0.0,0.0002827874020669402,3.1990506427285605e-07,1.3267111122371487e-09,2.71756240940752e-05,0.0038455540757883168,0.00013268552892589774,0.00027899127109046564,2.316507233686144,0.002322797192140029,0.010929710361197274,0.0,0.0,0.07816850535994704,0.002448224855152632,86413.5680296878,0.0972373203743988,0.0,0.0,0.008608040925183946,0.0001343227655761974,0.0001380832609209762,8.5525231926772815e-16,1.5757217131519103e-05,2.263079763838765e-09,2.263079763838765e-09,0.044612241548798025,2.263079763838765e-09,0.00011235257937265441,0.011423611013599523,0.011448796893263362,0.02301642435855781,0.02301642435855781,0.02958256149157192,0.29345911661901974,0.0,0.005285779749859039,0.0,0.0,0.002936256156399331,0.020306354702490072,0.26725777032194725,0.08585200756932251,0.3059750586622587,0.0,0.0006748739073388198
full,wave,proxy_0.20_0.05,0.0,0.002639973735009941,0.0,0.0003050136649815411,0.010605980640523031,9.829970952068834e-05,0.00637460604775697,0.029046823180073667,0.07738686201628298,0.06834626231446034,148.30763946666653,0.009073087790360054,0.24686111261447272,1.0,0.0,0.7022164010753235,0.009073087790360054,70274.89499492447,0.019745524662236374,0.0,0.0,1.3677578071753185,0.13564155933757624,0.12534180718163648,2.50521021107711e-14,0.04376304258281986,0.00012052923671035387,0.00012052923671035387,0.23807845575114092,0.00012052923671035387,0.006371740504012753,0.23846174838642278,0.2385662943124771,0.9679532514678107,0.9679532514678107,-0.07071533806932469,0.8788128197193146,0.0,0.8596672862768173,0.25,1.0774961709976196,4.68121483673652,0.26098311961525017,7.716626862684886,4.377778212229411,0.7193001434206963,1.4030625058545008,0.004605162054455529,MiNO-Plus_wingaussian_modshell_balanced_K12_modes16_patch16_ref0.05_rlp0.16_hfc0.16_rb-5_pdo0_diss0_symord0_symparspectral_order_wfconf2_trhamiltonian_verlet_framegabor_gaussian_sparse1_sklp0.16_tsyn1_tin1_tref0,synthetic,3,wave_variable_speed_nocaustic,0.0,0.00015885181053634928,0.0,0.00014263021447940912,0.005087033091784222,2.4645062193003997e-05,8.354792601544733e-06,0.01993009575190147,0.018274048618658834,0.0008566683434164062,0.9566277875293808,0.00023659093630489411,0.02180288481201793,0.0,0.0,0.1140404383519126,0.00023659093630489411,44252.942087683325,0.00662275779502972,0.0,0.0,0.015317910722328288,0.04412355285430122,0.0434056602391598,5.019704290268297e-16,0.01091193260673524,5.166945743676364e-05,5.166945743676364e-05,0.01955467064832239,5.166945743676364e-05,2.0723713528751334e-05,0.01936244193274325,0.019264394239141086,0.028706919512115927,0.028706919512115927,0.19558559619559068,0.26422524818231374,0.0,0.018477255191600685,0.0,0.0,2.5570030376498987,0.03307031202695747,0.28993773127896316,0.6052690886561499,0.08298543505827463,0.029099385681631767,0.000432985526053627
full_no_flow_supervision,wave,proxy_0.20_0.05,0.0,0.002444162196398894,0.0,0.00021971538126308587,0.011036782753459798,0.00010095364576538184,0.006373916885220549,0.025099419435719028,0.07710852221741031,0.06834525713283154,148.88950746666524,0.00905595913839837,0.24609348985056081,1.0,0.0,0.6991011972228686,0.00905595913839837,64912.1472962896,0.01927247074005815,0.0,0.0,1.3661956638097763,0.12991623984028897,0.12016959783310692,2.5707146923131135e-14,0.04162127315066755,0.00010970618086503237,0.00010970618086503237,0.23776363457242647,0.00010970618086503237,0.006377812804809461,0.23817835375666618,0.23829072217146555,0.9453164632949564,0.9453164632949564,-0.00582216705919968,0.8852480550607046,0.0,0.8596672862768173,0.25,1.0774961709976196,4.68121483673652,0.26073124942680204,7.716419498125712,4.3582590619723005,0.6536831445991993,1.3961170067389805,0.004691182111855596,MiNO-Plus_wingaussian_modshell_balanced_K12_modes16_patch16_ref0.05_rlp0.16_hfc0.16_rb-5_pdo0_diss0_symord0_symparspectral_order_wfconf2_trhamiltonian_verlet_framegabor_gaussian_sparse1_sklp0.16_tsyn1_tin1_tref0,synthetic,3,wave_variable_speed_nocaustic,0.0,0.00018719181589172128,0.0,1.5246077851018759e-05,0.006002208586255618,2.5612571892835237e-05,7.308137628226397e-06,0.010764427136997264,0.01914560596643885,0.0008550140347908883,1.555805234750543,0.00025976418573469667,0.021860521588895582,0.0,0.0,0.10947959538762342,0.00025976418573469667,45877.2569497979,0.0073259610073731695,0.0,0.0,0.014994405764853658,0.045356575428853345,0.044709209479689496,7.317764301772315e-16,0.010491967509199772,5.108119677512033e-05,5.108119677512033e-05,0.020925295469477353,5.108119677512033e-05,2.9499785207741973e-05,0.020695559712972798,0.020541231586852223,0.03949797748322677,0.03949797748322677,0.16487165907998166,0.13809208343158627,0.0,0.018477255191600685,0.0,0.0,2.5570030376498987,0.0287205844927291,0.29426202454085226,0.6279056544717986,0.14102414627549648,0.03682515060501905,0.00047429996350634754
identity_transport,wave,proxy_0.20_0.05,0.0,0.009486984371000694,0.0,0.007384401743668907,0.006827193702419108,7.000748608574113e-05,0.00637096257479344,0.026759464461873803,0.0930653115372277,0.06847683906865616,146.3008635666653,0.0,0.4605018471678098,1.0,0.0,1.093376951913039,0.0,32943.93784239888,0.02144264222200339,0.0,0.0,1.4065910627444584,0.12409895689537127,0.1114640161395073,2.4702180447696534e-14,0.045932431472465396,9.487500384845286e-05,9.487500384845286e-05,0.4555616018672784,9.487500384845286e-05,0.006359778577461839,0.457610622048378,0.4595358396569888,0.9098229486909177,0.9098229486909177,0.16433295918654445,0.5288858463366827,0.0,0.8596672862768173,0.25,1.0774961709976196,4.68121483673652,0.22962905559688807,8.849558194478353,2.841622404048394e-05,1.470272387393834e-06,1.3321843147277832,0.01604324099025689,MiNO-Plus_wingaussian_modshell_balanced_K12_modes16_patch16_ref0.05_rlp0.16_hfc0.16_rb-5_pdo0_diss0_symord0_symparspectral_order_wfconf2_trhamiltonian_verlet_framegabor_gaussian_sparse1_sklp0.16_tsyn1_tin1_tref0,synthetic,3,wave_variable_speed_nocaustic,0.0,0.0010090110875762524,0.0,0.001195914386289802,0.00039495895195273246,1.751094584176186e-05,1.2321746762658047e-05,0.00498864113131215,0.003349032380813401,0.0009247257877110963,2.9312785418848524,0.0,0.04148868230650549,0.0,0.0,0.0832261655529592,0.0,15086.41539689624,0.00464614814758171,0.0,0.0,0.012875150165256208,0.03257147084939889,0.03275321120541925,7.554267906417352e-16,0.0077251775021583355,3.0798364728325604e-05,3.0798364728325604e-05,0.04106880636204027,3.0798364728325604e-05,1.0916439001838893e-05,0.04078091045138209,0.04062396215054263,0.0453503404700728,0.0453503404700728,0.011731704538553295,0.3662164057969744,0.0,0.018477255191600685,0.0,0.0,2.5570030376498987,0.028954374878625098,0.3500401559670549,1.6091420019676483e-06,2.2834394074960276e-07,0.0,0.0039039077122216027
no_symbol,wave,proxy_0.20_0.05,0.0,0.002503080809118627,0.0,0.00020238755066909816,0.006673543692563221,0.00010761783859278592,0.006349288826135712,0.0,0.09392585263897975,0.06835082768359117,135.6156307000007,0.009437220520339906,0.24948852633436522,1.0,0.0,0.6565294520308574,0.009437220520339906,59309.58555843929,0.01922753486239041,0.0,0.0,1.3610662470261257,0.1491245993723472,0.1375377308577299,2.5160126975391518e-14,0.04843421125163635,0.0001438127853058783,0.0001438127853058783,0.23964306712150574,0.0001438127853058783,0.006335282038586835,0.2399186473339796,0.23993783816695213,0.0,0.0,0.0,0.873003234465917,0.0,0.8596672862768173,0.25,1.0774961709976196,4.68121483673652,0.6654620498625768,7.714783688386281,4.393363823493321,0.32265014946460724,0.8125738071070777,0.004605965354130603,MiNO-Plus_wingaussian_modshell_balanced_K12_modes16_patch16_ref0.05_rlp0.16_hfc0.16_rb-5_pdo0_diss0_symord0_symparspectral_order_wfconf2_trhamiltonian_verlet_framegabor_gaussian_sparse1_sklp0.16_tsyn1_tin1_tref0,synthetic,3,wave_variable_speed_nocaustic,0.0,0.00018945189622372616,0.0,8.939840518110474e-06,0.00040895398066111843,1.9405420397039047e-05,1.1715772648099181e-05,0.0,0.002861955368525555,0.000844661312734544,1.3621425222201877,0.0008926468363007581,0.020909573313184836,0.0,0.0,0.06947906097245393,0.0008926468363007581,43297.65601165857,0.008038355466453343,0.0,0.0,0.016539362446779962,0.0316224028153277,0.03230073023721183,9.150369410172538e-16,0.006465612260875064,3.2685686170383665e-05,3.2685686170383665e-05,0.019372873401691523,3.2685686170383665e-05,1.1774739303143965e-05,0.019177469073818655,0.019074364640394446,0.0,0.0,0.0,0.3035304340251897,0.0,0.018477255191600685,0.0,0.0,2.5570030376498987,0.048031553310329336,0.29905653897592016,0.5900521691195995,0.10758969025941363,0.029869401344983615,0.0004955110761523967
no_transport,wave,proxy_0.20_0.05,0.0,0.00945055129219933,0.0,0.007349049731904718,0.006829192633530409,7.151051006025632e-05,0.006369250276798589,0.024508885004454188,0.0931440129255255,0.06847683899104595,54.244821066667406,0.0,0.4604051498075326,1.0,0.0,1.093393695851167,0.0,42953.96730820338,0.021835552974759292,0.0,0.0,1.40950113038222,0.12704926077276468,0.1140696535197397,2.4898390265385995e-14,0.047065521978462733,9.915977367806288e-05,9.915977367806288e-05,0.4553194008767605,9.915977367806288e-05,0.0063557673517304165,0.4573778919875622,0.45930298914511997,0.9468475741644701,0.9468475741644701,0.15511339933113455,0.3123297567168872,0.0,0.8596672862768173,0.25,1.0774961709976196,4.68121483673652,0.0,8.823596020539602,2.8326862320682267e-05,1.4041998260457451e-06,0.0,0.01605614330037497,MiNO-Plus_wingaussian_modshell_balanced_K12_modes16_patch16_ref0.05_rlp0.16_hfc0.16_rb-5_pdo0_diss0_symord0_symparspectral_order_wfconf2_trhamiltonian_verlet_framegabor_gaussian_sparse1_sklp0.16_tsyn1_tin1_tref0,synthetic,3,wave_variable_speed_nocaustic,0.0,0.0010182588582346476,0.0,0.0012058510965597073,0.0003957982602233953,1.414459185528955e-05,4.911574487597417e-06,0.0039353018779055195,0.0033251092122822128,0.00092472617308595,0.6156614580078916,0.0,0.04021189296927701,0.0,0.0,0.06508635979679475,0.0,34161.6647372132,0.004083040677315356,0.0,0.0,0.01222949920272332,0.02841453508974139,0.02908196045641818,4.965221384225905e-16,0.006080445397955806,2.469796082871735e-05,2.469796082871735e-05,0.03986728055175972,2.469796082871735e-05,5.076470891969856e-06,0.03957228815060437,0.03940666708560491,0.03781681991712052,0.03781681991712052,0.009981950538895853,0.05930959013351582,0.0,0.018477255191600685,0.0,0.0,2.5570030376498987,0.0,0.3593915012697982,1.538858662236789e-06,2.1840516234703986e-07,0.0,0.003958425322092905
no_transport_no_carrier,wave,proxy_0.20_0.05,0.0,0.023668194244641602,0.0,0.02136939278958986,0.005909699061804632,6.12257132735926e-05,0.006391841792113458,0.026964055839926004,0.09235468333483571,0.06847683886169559,47.472852199995636,0.0,0.7557210723559061,1.0,0.0,1.50194850564003,0.0,150376.07045680285,0.2611807342618704,0.0,0.0,1.497658133506775,0.08757230980942647,0.08703277896468838,2.2973317310337465e-14,0.00913080436293967,6.139655533843325e-05,6.139655533843325e-05,0.7531046445171038,6.139655533843325e-05,0.006408712128177285,0.7564604729413986,0.759651298324267,0.9775722146862084,0.9775722146862084,0.1616199718296735,0.8370940536260605,0.0,0.8596672862768173,0.25,1.0774961709976196,4.68121483673652,0.0,0.0,0.0,0.0,0.0,0.087903172786658,MiNO-Plus_wingaussian_modshell_balanced_K12_modes16_patch16_ref0.05_rlp0.16_hfc0.16_rb-5_pdo0_diss0_symord0_symparspectral_order_wfconf2_trhamiltonian_verlet_framegabor_gaussian_sparse1_sklp0.16_tsyn1_tin1_tref0,synthetic,3,wave_variable_speed_nocaustic,0.0,0.0015018105552991982,0.0,0.001666831162918243,0.0005441665074388804,1.500198269320161e-05,1.908839273097026e-05,0.01182814539602364,0.00322752612148683,0.0009247254275367841,1.453603365184855,0.0,0.03914180351335778,0.0,0.0,0.2233980392965735,0.0,112548.9990017973,0.022885469543951344,0.0,0.0,0.00300714475275978,0.03622304461485948,0.035839762901996516,2.440851420601931e-15,0.006137655910396349,3.836770928130256e-05,3.836770928130256e-05,0.040244559925789174,3.836770928130256e-05,4.1812681152841026e-05,0.04045737266125656,0.04053617488791031,0.04864621391904992,0.04864621391904992,0.04020377923227731,0.32663405763737213,0.0,0.018477255191600685,0.0,0.0,2.5570030376498987,0.0,0.0,0.0,0.0,0.0,0.0294593617349654
randomized_metadata,wave,proxy_0.20_0.05,0.0,0.03144768600274498,0.0,0.028907638880708773,0.006835259605092384,3.1968716271732785e-07,0.0064431760013879584,0.003172021289275209,0.11960628013023072,0.04131676801221652,148.49835793333477,0.4605484642088413,0.8730388556917509,1.0,0.0,3.3327026466528573,0.4605484642088413,266934.1692986886,0.22677078129102787,0.0,0.0,1.5199758509794872,0.0006107304816396208,0.0006002077910428246,1.0255416521711926e-14,0.00010079728311514675,3.428236044581793e-09,3.428236044581793e-09,0.8920361374815305,3.428236044581793e-09,0.0066453146282583475,0.880587100982666,0.8863162895043691,0.8526767169435819,0.8526767169435819,0.061919895775241054,0.43326950321594876,0.0,0.8596672862768173,0.25,1.0774961709976196,4.68121483673652,0.21387884217417902,4.913879881302516,10.725700577100119,1.0017259841163952,0.0,0.11593103300159176,MiNO-Plus_wingaussian_modshell_balanced_K12_modes16_patch16_ref0.05_rlp0.16_hfc0.16_rb-5_pdo0_diss0_symord0_symparspectral_order_wfconf2_trhamiltonian_verlet_framegabor_gaussian_sparse1_sklp0.16_tsyn1_tin1_tref0,synthetic,3,wave_variable_speed_nocaustic,0.0,0.0012843975968453998,0.0,0.0015382513385091797,0.00040986722112363493,1.7056913764832015e-07,4.5279117886540805e-05,0.003532533013072697,0.003280878413106934,0.0008058859336749286,1.4849797469494546,0.0028396632889644002,0.03320071131054468,0.0,0.0,0.37195046580075,0.0028396632889644002,223402.84590224555,0.017129868577919205,0.0,0.0,0.005649948173010925,0.00034838696907455726,0.00034865563432422977,4.059745574627721e-15,4.68572529532433e-05,4.070372377489121e-09,4.070372377489121e-09,0.046399709016130275,4.070372377489121e-09,6.213818994851611e-05,0.033749737304460625,0.033353817163902046,0.02121795163367993,0.02121795163367993,0.020252408228607573,0.07271212210582884,0.0,0.018477255191600685,0.0,0.0,2.5570030376498987,0.028737769338132144,0.676770231150485,0.7776126609189089,0.2957516210179171,0.0,0.029391302887428254
